[
	{
		"pkg": "@aparajita/capacitor-secure-storage",
		"classpath": "com.aparajita.capacitor.securestorage.SecureStorage"
	},
	{
		"pkg": "@capacitor/app",
		"classpath": "com.capacitorjs.plugins.app.AppPlugin"
	},
	{
		"pkg": "@capacitor/browser",
		"classpath": "com.capacitorjs.plugins.browser.BrowserPlugin"
	},
	{
		"pkg": "@capacitor/clipboard",
		"classpath": "com.capacitorjs.plugins.clipboard.ClipboardPlugin"
	},
	{
		"pkg": "@capacitor/haptics",
		"classpath": "com.capacitorjs.plugins.haptics.HapticsPlugin"
	},
	{
		"pkg": "@capacitor/keyboard",
		"classpath": "com.capacitorjs.plugins.keyboard.KeyboardPlugin"
	},
	{
		"pkg": "@capacitor/preferences",
		"classpath": "com.capacitorjs.plugins.preferences.PreferencesPlugin"
	},
	{
		"pkg": "@capacitor/status-bar",
		"classpath": "com.capacitorjs.plugins.statusbar.StatusBarPlugin"
	}
]
